attendance,study_hours,internal_marks,assignment_marks,previous_marks,practical_marks,final_marks
90,1.8,87,62,55,59,60.62
56,5.7,74,50,77,72,65.45
55,2.5,72,83,41,80,58.74
91,5.9,66,59,68,82,70.38
50,6.3,50,89,67,66,64.97
63,7.7,61,51,45,69,60.72
72,5.2,91,47,86,74,75.99
74,1.6,58,98,80,84,71.48
73,5.0,85,49,42,87,65.17
68,7.9,94,59,95,51,80.64
79,5.4,63,55,63,67,63.03
67,5.9,83,86,44,83,74.48
84,6.1,50,74,64,62,70.22
90,5.8,54,88,60,98,76.15
53,2.6,42,96,60,70,56.04
63,7.4,76,90,60,58,75.54
75,7.2,81,74,49,61,69.32
97,4.9,56,92,77,72,76.68
75,3.5,48,77,71,50,61.8
57,2.1,50,95,83,72,64.82
74,3.7,69,78,56,80,69.84
50,5.8,47,88,74,93,68.43
91,3.4,58,72,50,74,58.33
96,7.1,56,77,88,56,75.41
56,7.1,59,98,80,77,77.67
59,3.6,50,79,89,78,70.3
88,3.3,41,52,63,98,63.2
65,1.4,76,50,45,91,58.34
54,7.8,74,94,48,53,72.43
85,2.2,73,100,78,72,76.26
84,6.3,84,57,85,64,76.34
92,5.5,68,78,68,52,68.28
54,3.4,77,80,54,82,64.31
54,6.0,43,59,44,47,55.73
54,4.6,57,87,71,58,65.11
96,7.5,76,81,70,60,81.03
76,2.3,46,87,67,67,59.59
79,7.0,43,88,81,86,71.74
75,6.1,91,100,46,60,73.18
84,4.1,67,56,57,74,62.25
54,4.1,95,99,75,51,71.25
84,6.9,45,93,94,60,72.53
81,4.4,95,70,43,55,67.03
74,2.9,90,95,69,63,72.58
96,8.0,75,87,85,76,83.04
68,2.5,43,82,87,79,60.59
70,1.4,77,75,72,99,69.8
53,7.7,45,99,51,49,65.11
93,7.0,65,52,76,60,72.18
52,5.3,66,87,77,81,73.08
66,2.4,85,65,55,61,61.72
92,5.5,69,65,88,49,68.22
89,8.0,46,49,74,58,67.3
58,7.5,44,60,63,63,60.11
84,5.9,79,96,81,78,78.31
85,3.1,82,51,48,61,58.52
56,6.2,49,62,58,83,61.29
71,2.4,80,99,56,77,69.41
53,1.6,67,98,57,47,54.43
99,1.9,56,55,87,73,64.71
77,4.9,47,49,84,54,61.86
73,5.1,49,72,48,47,55.67
100,7.8,42,67,53,88,67.95
56,3.5,75,100,66,84,74.15
65,7.1,91,96,51,71,74.9
97,7.5,90,71,91,87,92.01
65,2.9,90,89,46,69,70.68
80,2.6,92,74,62,64,71.86
64,2.6,82,57,65,66,61.78
54,7.8,57,67,81,77,72.25
84,3.3,41,52,56,56,53.29
66,1.3,78,72,62,91,67.84
77,5.2,72,52,64,81,66.37
52,6.0,40,78,91,79,70.44
97,6.2,52,68,67,49,69.64
71,5.4,82,99,47,91,79.5
82,3.2,66,65,65,89,65.57
58,2.3,82,69,83,92,74.87
89,5.0,65,80,93,45,70.93
63,4.0,77,83,81,65,71.67
78,5.7,72,75,90,95,82.59
92,1.6,72,87,80,84,70.73
98,2.6,59,59,91,57,62.53
52,2.7,70,84,94,94,70.18
76,7.2,76,57,85,89,78.97
75,2.7,81,89,40,93,71.33
56,6.4,54,56,91,89,71.99
53,4.9,94,52,69,53,70.56
92,4.7,75,83,60,93,78.88
89,6.7,72,72,93,80,81.27
60,6.2,70,73,56,93,69.98
90,2.9,89,78,71,85,73.61
78,1.5,58,60,57,66,54.16
84,1.6,49,59,64,89,56.07
63,1.4,66,66,74,74,60.73
63,6.8,64,94,77,89,74.91
98,5.0,70,45,62,64,68.08
76,4.8,87,79,91,83,84.63
81,2.5,67,76,41,69,58.49
93,6.6,86,55,93,74,85.31
89,4.7,65,82,76,87,71.32
91,4.0,95,74,51,48,67.43
70,2.5,60,66,88,69,63.08
76,2.8,45,75,41,92,58.02
72,2.6,44,94,81,47,62.78
65,2.4,41,84,49,60,49.96
92,1.8,53,74,84,61,65.24
60,5.2,87,90,47,94,77.7
69,1.8,41,64,76,88,62.01
74,3.8,85,57,44,82,67.42
90,2.7,84,94,59,99,77.62
57,6.6,76,95,42,67,70.86
92,3.6,72,86,61,45,69.05
81,1.7,63,85,93,74,71.36
77,2.2,73,86,57,84,69.72
84,6.4,69,72,92,91,82.04
70,7.0,93,50,57,73,72.05
79,5.0,82,69,61,46,67.8
70,2.3,53,67,91,61,60.97
88,5.9,57,80,40,78,70.13
55,2.7,66,76,75,93,65.67
80,5.5,71,73,90,46,69.34
64,3.8,55,64,82,82,65.0
85,4.7,67,92,75,66,72.16
79,2.9,56,59,47,91,57.14
57,6.2,88,89,51,57,69.93
80,2.9,77,93,73,83,72.31
56,6.8,58,59,63,56,61.97
95,4.7,57,47,43,80,59.14
58,5.5,88,76,46,100,70.5
68,4.3,68,66,51,48,57.72
80,1.8,44,70,71,49,55.27
93,1.4,49,96,76,64,60.23
65,1.8,88,71,78,83,73.13
64,6.4,64,73,68,64,72.23
77,3.1,79,48,79,92,67.24
98,2.5,53,61,82,50,58.36
61,4.9,50,45,66,73,60.81
80,3.0,54,63,85,63,65.02
79,1.5,54,61,90,95,66.8
92,6.6,52,72,47,79,65.25
59,7.4,92,54,44,48,65.13
69,5.2,92,81,58,73,71.99
94,3.1,65,62,72,79,67.35
55,5.2,67,92,60,83,68.9
55,2.6,83,98,95,81,78.0
51,8.0,83,97,57,81,76.27
98,2.2,73,86,68,62,65.7
87,4.1,92,76,45,75,70.33
71,3.2,46,99,50,66,59.04
81,3.0,65,97,88,80,70.79
55,3.2,60,52,89,70,65.92
50,5.6,74,74,66,48,63.7
73,5.4,71,85,68,93,72.56
67,4.8,58,73,84,76,66.92
90,5.3,55,90,50,64,66.86
85,3.9,54,98,47,74,68.58
91,6.8,71,90,58,77,78.74
76,6.8,70,60,69,80,70.66
62,7.5,72,92,48,100,74.16
99,6.5,66,66,90,77,76.99
50,3.0,59,98,77,82,72.14
81,7.1,68,79,70,67,73.86
98,4.8,69,65,95,57,77.8
65,5.0,54,99,89,71,69.65
97,4.3,91,69,64,87,79.59
91,7.9,71,47,48,77,74.57
71,7.1,95,99,68,51,81.36
79,1.1,49,71,95,86,68.66
54,4.3,56,66,79,89,66.23
55,7.0,94,88,94,79,85.89
70,5.4,88,76,95,79,78.34
54,2.6,83,63,54,92,62.12
56,6.3,85,100,46,73,71.93
69,7.3,42,65,90,48,65.3
73,4.0,55,78,66,81,67.55
61,2.2,45,84,95,69,64.66
65,4.5,77,54,54,74,65.85
79,2.8,40,96,69,63,62.57
60,1.5,62,82,59,85,65.05
94,2.8,94,64,52,69,71.68
56,2.7,76,67,76,63,68.64
68,1.2,93,87,65,62,63.86
93,6.4,43,83,87,76,76.76
68,6.4,54,83,91,67,71.55
62,5.3,83,93,86,94,84.07
58,5.4,80,86,42,64,69.81
52,5.1,86,53,45,63,61.91
76,2.2,48,95,74,68,63.5
67,6.8,56,97,70,96,75.61
71,6.6,69,49,49,93,72.38
93,6.1,65,99,91,80,81.73
100,3.8,56,79,47,74,62.9
97,5.7,77,69,92,85,85.37
56,5.7,70,46,79,80,67.82
89,2.5,44,85,92,74,70.43
69,5.5,47,53,42,47,51.48
81,1.8,55,79,48,69,56.88
92,7.6,84,79,66,82,84.69
59,7.2,81,51,93,76,79.13
67,1.2,63,58,68,73,61.7
73,1.7,83,68,74,86,68.22
75,2.9,47,99,92,74,66.13
63,5.5,78,46,43,95,65.22
58,6.5,53,49,93,93,72.38
87,2.5,95,59,61,94,69.78
88,1.0,94,54,48,79,61.86
61,1.8,95,46,48,45,55.57
100,2.7,60,46,51,61,53.07
97,3.9,47,92,44,75,62.69
73,4.6,46,73,72,59,65.76
52,6.1,95,87,73,64,78.06
51,1.4,70,99,65,72,65.54
81,6.0,68,49,45,65,64.07
54,1.9,79,85,77,80,70.8
74,8.0,73,63,69,77,77.29
56,6.6,47,99,81,86,77.52
85,6.0,53,72,68,59,66.31
79,3.8,86,51,60,72,65.95
66,3.6,49,88,70,49,57.33
55,1.7,46,92,87,68,64.29
85,1.4,75,80,61,87,64.28
72,7.1,88,72,95,91,83.26
68,5.2,62,51,76,77,64.8
92,4.4,94,51,62,99,76.85
57,6.3,76,59,91,72,77.91
99,6.7,79,88,81,80,80.66
92,6.8,57,46,51,62,65.07
69,7.5,62,45,51,100,66.5
92,3.8,49,92,80,46,62.48
83,2.5,66,74,61,55,60.31
96,3.3,76,83,45,48,61.09
98,5.3,83,50,57,73,72.3
81,5.2,66,62,53,93,68.95
72,4.0,58,88,83,82,71.69
92,3.2,54,70,78,48,58.46
69,7.6,89,53,88,61,77.37
57,1.1,87,72,51,53,57.64
95,2.6,75,98,82,96,77.78
75,7.0,42,72,41,74,65.47
70,5.0,76,70,85,85,75.59
57,3.8,60,55,91,84,67.03
94,7.4,45,72,94,51,70.65
87,3.8,45,70,95,64,68.62
64,3.3,50,49,72,85,56.91
82,2.4,89,67,62,91,75.02
91,6.7,55,51,49,61,60.43
88,2.1,88,86,44,56,68.71
90,4.5,88,81,88,82,81.64
86,5.5,79,65,95,85,79.38
78,1.5,68,85,59,95,64.8
53,3.5,44,64,69,73,53.95
73,6.8,44,86,95,99,75.37
88,4.5,69,82,75,95,78.51
52,4.1,91,81,81,57,71.62
80,4.5,43,73,46,96,65.49
71,7.9,45,77,81,56,66.61
95,4.1,68,78,73,84,70.87
73,7.4,64,71,89,66,77.88
53,6.5,81,66,44,66,63.91
93,3.7,56,91,94,87,79.92
88,7.1,61,50,77,87,71.33
72,3.2,81,89,82,70,71.13
95,7.6,59,80,64,86,79.48
58,5.7,93,92,83,78,79.3
92,4.0,63,46,63,64,59.49
63,3.4,89,76,52,59,70.0
59,1.5,94,95,46,77,69.57
97,7.2,42,87,61,94,74.89
88,3.6,50,56,93,89,71.02
60,6.0,42,71,63,88,66.71
78,5.3,88,92,90,73,81.02
65,3.2,91,95,70,98,76.15
93,7.6,68,74,89,63,82.07
82,4.7,50,97,52,96,70.29
66,1.4,70,100,63,80,69.97
95,6.9,94,52,58,50,75.8
67,4.1,72,54,93,72,67.13
64,6.7,62,46,66,48,61.77
73,2.7,45,68,54,46,50.4
56,6.9,81,66,90,54,72.75
68,7.4,70,89,93,53,81.07
80,4.1,40,50,41,61,48.78
59,4.8,86,83,73,72,71.74
68,2.7,47,48,55,71,53.91
89,4.2,47,98,71,83,70.69
90,4.6,55,90,49,63,64.13
89,3.5,76,71,51,87,70.15
83,7.8,44,78,74,77,75.24
82,4.9,64,100,70,47,71.14
73,2.8,41,67,90,49,57.31
96,5.6,46,94,77,92,77.65
58,1.3,74,66,92,86,65.5
99,5.8,84,75,80,56,80.64
54,6.0,69,47,58,57,58.2
62,7.2,60,64,72,70,74.01
84,4.3,42,93,81,57,64.49
99,1.3,81,66,57,52,64.24
77,7.2,87,73,64,66,81.29
81,5.8,63,96,73,62,76.16
